edge_matched,edge_p,edge_r,edge_f1,timed_out,hierarchy_matched,hierarchy_gt,hierarchy_pred,hierarchy_p,hierarchy_r,hierarchy_f1,directional_matched,directional_gt,directional_pred,directional_p,directional_r,directional_f1,correlational_matched,correlational_gt,correlational_pred,correlational_p,correlational_r,correlational_f1,moderation_matched,moderation_gt,moderation_pred,moderation_p,moderation_r,moderation_f1,article_id,gt_n_edges,pred_n_edges,strategy,any_timeout,model
3,0.3,1.0,0.4615384615384615,False,0,0,5,0.0,0.0,0.0,2,2,3,0.6666666666666666,1.0,0.8,0,0,0,1.0,1.0,1.0,1,1,2,0.5,1.0,0.6666666666666666,7,3,10,degree_desc,False,gemini3flash
4,0.5,0.6666666666666666,0.5714285714285715,False,0,0,0,1.0,1.0,1.0,2,2,4,0.5,1.0,0.6666666666666666,0,0,0,1.0,1.0,1.0,2,4,4,0.5,0.5,0.5,97,6,8,degree_desc,False,gemini3flash
16,0.9411764705882352,0.6666666666666666,0.7804878048780487,True,5,8,5,1.0,0.625,0.7692307692307693,5,9,6,0.8333333333333334,0.5555555555555556,0.6666666666666667,0,1,0,0.0,0.0,0.0,6,6,6,1.0,1.0,1.0,100,24,17,degree_desc,True,gemini3flash
1,1.0,1.0,1.0,False,0,0,0,1.0,1.0,1.0,1,1,1,1.0,1.0,1.0,0,0,0,1.0,1.0,1.0,0,0,0,1.0,1.0,1.0,106,1,1,degree_desc,False,gemini3flash
9,0.4736842105263157,0.8181818181818182,0.6,False,3,3,5,0.6,1.0,0.7499999999999999,6,6,13,0.4615384615384615,1.0,0.631578947368421,0,2,0,0.0,0.0,0.0,0,0,1,0.0,0.0,0.0,112,11,19,degree_desc,False,gemini3flash
14,1.0,1.0,1.0,False,5,5,5,1.0,1.0,1.0,9,9,9,1.0,1.0,1.0,0,0,0,1.0,1.0,1.0,0,0,0,1.0,1.0,1.0,135,14,14,degree_asc,True,gemini3flash
1,0.1428571428571428,0.5,0.2222222222222222,False,0,0,3,0.0,0.0,0.0,1,2,4,0.25,0.5,0.3333333333333333,0,0,0,1.0,1.0,1.0,0,0,0,1.0,1.0,1.0,155,2,7,degree_desc,False,gemini3flash
5,0.5555555555555556,0.8333333333333334,0.6666666666666667,False,0,0,2,0.0,0.0,0.0,1,2,2,0.5,0.5,0.5,0,0,0,1.0,1.0,1.0,4,4,5,0.8,1.0,0.888888888888889,178,6,9,degree_desc,False,gemini3flash
