edge_matched,edge_p,edge_r,edge_f1,timed_out,hierarchy_matched,hierarchy_gt,hierarchy_pred,hierarchy_p,hierarchy_r,hierarchy_f1,directional_matched,directional_gt,directional_pred,directional_p,directional_r,directional_f1,correlational_matched,correlational_gt,correlational_pred,correlational_p,correlational_r,correlational_f1,moderation_matched,moderation_gt,moderation_pred,moderation_p,moderation_r,moderation_f1,article_id,gt_n_edges,pred_n_edges,strategy,any_timeout,model
3,0.75,1.0,0.8571428571428571,False,0,0,0,1.0,1.0,1.0,2,2,2,1.0,1.0,1.0,0,0,0,1.0,1.0,1.0,1,1,2,0.5,1.0,0.6666666666666666,7,3,4,degree_desc,False,gpt54
5,1.0,0.8333333333333334,0.9090909090909092,False,0,0,0,1.0,1.0,1.0,1,2,1,1.0,0.5,0.6666666666666666,0,0,0,1.0,1.0,1.0,4,4,4,1.0,1.0,1.0,97,6,5,degree_desc,False,gpt54
0,0.0,0.0,0.0,False,0,0,0,1.0,1.0,1.0,0,1,0,0.0,0.0,0.0,0,0,0,1.0,1.0,1.0,0,0,0,1.0,1.0,1.0,106,1,0,degree_desc,False,gpt54
3,0.75,0.2727272727272727,0.3999999999999999,False,0,3,0,0.0,0.0,0.0,2,6,3,0.6666666666666666,0.3333333333333333,0.4444444444444444,1,2,1,1.0,0.5,0.6666666666666666,0,0,0,1.0,1.0,1.0,112,11,4,degree_desc,False,gpt54
16,0.9411764705882352,0.6666666666666666,0.7804878048780487,True,5,8,5,1.0,0.625,0.7692307692307693,5,9,5,1.0,0.5555555555555556,0.7142857142857143,0,1,1,0.0,0.0,0.0,6,6,6,1.0,1.0,1.0,100,24,17,degree_desc,True,gpt54
2,0.4,1.0,0.5714285714285715,False,0,0,0,1.0,1.0,1.0,2,2,2,1.0,1.0,1.0,0,0,0,1.0,1.0,1.0,0,0,3,0.0,0.0,0.0,155,2,5,degree_desc,False,gpt54
14,1.0,1.0,1.0,False,5,5,5,1.0,1.0,1.0,9,9,9,1.0,1.0,1.0,0,0,0,1.0,1.0,1.0,0,0,0,1.0,1.0,1.0,135,14,14,degree_desc,False,gpt54
5,1.0,0.8333333333333334,0.9090909090909092,False,0,0,0,1.0,1.0,1.0,1,2,1,1.0,0.5,0.6666666666666666,0,0,0,1.0,1.0,1.0,4,4,4,1.0,1.0,1.0,178,6,5,degree_desc,False,gpt54
