model,n_articles,macro_f1,macro_std,macro_prec,macro_rec,directional_f1,correlational_f1,moderation_f1,hierarchy_f1,directional_std,correlational_std,moderation_std,hierarchy_std,directional_n,correlational_n,moderation_n,hierarchy_n
gpt54,165,0.6943020193955813,0.27468702436617626,0.7537539850148912,0.7141028048087834,0.7599586629384888,0.4886500754147813,0.6967640079737749,0.6486672452398259,0.24681268550107957,0.43965812606010124,0.3738075307938369,0.40686064131431726,134,45,53,84
gpt52,165,0.6785630095355538,0.24844050575427915,0.6997928822069536,0.7264496414576663,0.752285281756967,0.49126830579484815,0.6963034622302103,0.569124659565836,0.25278383765501816,0.4212298778378956,0.32190361187904476,0.43565810903158697,134,45,53,84
claude_sonnet,165,0.6523378152463959,0.25481009547426614,0.659459999690087,0.7360092878466848,0.7562558427670627,0.44144850318763357,0.6823402888885687,0.5948298064369494,0.21264620355641123,0.442775891368204,0.31597784998739264,0.41800974707482697,134,45,53,84
deepseek_high,210,0.6405121761655584,0.29041687191693244,0.756468142035369,0.6189921223671542,0.6990534714200273,0.47708275897400565,0.6028470588631016,0.4786944969301783,0.3143815457152704,0.40494052450079915,0.3928364608172183,0.43933961449650816,166,65,66,98
claude_opus,165,0.6352361866306325,0.28819235913565305,0.6999525899926969,0.6509749949599732,0.7647292920868,0.2773977873977874,0.644972089200724,0.4353032879818594,0.2330749749267169,0.4200114259609332,0.3746590396037944,0.44231102088974816,134,45,53,84
gemini3flash,165,0.5975050583340193,0.262452922169702,0.5359484931290898,0.7817998460124987,0.7072858312194468,0.37956709956709955,0.564308006705343,0.7486252844183516,0.24197275271884233,0.46554829889641797,0.31259771731460023,0.27999045688208407,134,45,53,84
gpt4o,165,0.5511182674660474,0.28010439300489065,0.7378979157680255,0.5081797760922113,0.6285646593811651,0.2801538022616454,0.3613745792991076,0.44490635026349307,0.31204006482062757,0.3839672338136364,0.37893393729661984,0.4403392816630714,134,45,53,84
